{"cameraMode":{"drawMode":0,"name":"Shaded","section":"Shading Mode"},"sceneLighting":true,"audioPlay":false,"sceneViewState":{"m_AlwaysRefresh":false,"showFog":true,"showSkybox":true,"showFlares":true,"showImageEffects":true,"showParticleSystems":true,"showVisualEffectGraphs":true,"m_FxEnabled":true},"in2DMode":false,"pivot":{"x":-0.08736848831176758,"y":-453.4107971191406,"z":201.97463989257813},"rotation":{"x":0.544169545173645,"y":-0.0012587718665599824,"z":0.0008171545341610909,"w":0.8389775156974793},"size":262.81005859375,"orthographic":false}